{
  "file_visits": {
    "proactive.py": [
      1782716134.9000044,
      1782716660.8602538,
      1782719365.5811825,
      1782719767.5027916,
      1782719798.2529583,
      1782719829.1934347,
      1782719952.8581557,
      1782719983.7121584,
      1782720014.6835883,
      1782720045.651387,
      1782720076.614658,
      1782720459.4911363,
      1782722001.7290018,
      1782722783.6020317,
      1782722814.48614,
      1782722845.4741824,
      1782723060.0141685,
      1782723188.9009154,
      1782723219.878496,
      1782723311.4154384,
      1782723372.8136704
    ],
    "attention_engine.py": [
      1782718482.8671112,
      1782718639.1487927,
      1782718669.9212983,
      1782718704.2098389,
      1782718734.9222243,
      1782718765.6768289,
      1782718891.9650462
    ],
    "interestingness_engine.py": [
      1782719207.573067,
      1782719241.8020923,
      1782719272.8975074,
      1782719303.788896
    ],
    "brain.py": [
      1782723555.8261027
    ]
  },
  "error_signatures": {},
  "function_edits": {
    "_do_comeback": 3,
    "_oop": 1,
    "start_proactive": 1,
    "_speak": 1
  },
  "last_signature": "brain.py - aura - visual studio code|%<) fle tat selection view go run terminal help = & > aura mic. ura meman.ob 1 cbsenaton memonon 1 relansip state son nowepy & >on > eune x iman f o03 o1\\800m - o x @ sisouterpy! \u2014@ bingy lm x. \u00a9 iter",
  "last_file": "brain.py",
  "last_seen_errors": [
    "error",
    "exception"
  ],
  "session_start": 1782716101.8756123
}