{
  "file_visits": {
    "proactive.py": [
      1782716134.9000044,
      1782716660.8602538,
      1782719365.5811825,
      1782719767.5027916,
      1782719798.2529583,
      1782719829.1934347,
      1782719952.8581557,
      1782719983.7121584,
      1782720014.6835883,
      1782720045.651387,
      1782720076.614658,
      1782720459.4911363,
      1782722001.7290018,
      1782722783.6020317,
      1782722814.48614,
      1782722845.4741824,
      1782723060.0141685,
      1782723188.9009154,
      1782723219.878496,
      1782723311.4154384,
      1782723372.8136704,
      1782727082.8801925,
      1782727205.5310912,
      1782727236.2585354,
      1782729796.6632314,
      1782731325.969049,
      1783323413.7850327,
      1783323444.616515,
      1783327083.7385433,
      1783327906.428512,
      1783327937.3516774,
      1783327968.144604,
      1783327998.9595113,
      1783328029.600488,
      1783328060.5383525,
      1783328091.2904568,
      1783328152.7916973
    ],
    "attention_engine.py": [
      1782718482.8671112,
      1782718639.1487927,
      1782718669.9212983,
      1782718704.2098389,
      1782718734.9222243,
      1782718765.6768289,
      1782718891.9650462,
      1782726135.5256023
    ],
    "interestingness_engine.py": [
      1782719207.573067,
      1782719241.8020923,
      1782719272.8975074,
      1782719303.788896,
      1782726655.5030203
    ],
    "brain.py": [
      1782723555.8261027,
      1782726350.3258145
    ],
    "integration_bridge.py": [
      1782727051.8478556
    ],
    "voice_gate.py": [
      1782733716.5679746,
      1782733813.6075592
    ],
    "shauryajohri/AURA: AURA is a context-aware AI assistant that understands user intent, routes tasks to suitable AI models, and provides real-time responses. Built with a modular backend, it aims to evolve into an OS-level assistant for productivity, development, and automation.": [
      1782734724.520436,
      1782734940.087339,
      1782735001.6355765,
      1782735032.4820173,
      1782735063.2777896,
      1783324022.2192461,
      1783324053.1809812,
      1783327114.6548612,
      1783327175.8548186
    ],
    "cosmos_panel.py": [
      1783316593.1679451,
      1783317306.7022226,
      1783317337.5037742,
      1783317368.4325361,
      1783318097.5581253,
      1783318193.9642782,
      1783318224.5257342,
      1783318285.5370023
    ],
    "models.py": [
      1783317215.083341,
      1783318893.6000364
    ],
    "index.html": [
      1783319107.580309
    ],
    "\u25cf index.html": [
      1783319138.4222538
    ],
    "base.html": [
      1783320473.4131129,
      1783320504.4921107
    ],
    "seed.py": [
      1783321911.3081412,
      1783322064.0048475,
      1783322368.4880466,
      1783322399.2900288
    ],
    "execution_plan_panel.py": [
      1783323260.248277,
      1783323321.4461143,
      1783323352.1648514
    ],
    "C:\\Users\\shaur\\Downloads\\os_manual\\sum of even or odd child.txt": [
      1783326767.77511,
      1783326798.2674222,
      1783326828.791906,
      1783326992.962589
    ]
  },
  "error_signatures": {},
  "function_edits": {
    "_do_comeback": 3,
    "_oop": 1,
    "start_proactive": 2,
    "_speak": 1,
    "Mectde": 1,
    "deide": 1,
    "_decide": 1,
    "restzetvent": 1,
    "paintevent": 1,
    "_tick": 3,
    "get_afkstatus": 1,
    "get_afk_status": 2,
    "is_affirmative": 1
  },
  "last_signature": "python|good evening, shaurya + aura core, . ama 23 708",
  "last_file": "",
  "last_seen_errors": [],
  "session_start": 1782716101.8756123
}