{
  "file_visits": {
    "proactive.py": [
      1782716134.9000044,
      1782716660.8602538,
      1782719365.5811825,
      1782719767.5027916,
      1782719798.2529583,
      1782719829.1934347,
      1782719952.8581557,
      1782719983.7121584,
      1782720014.6835883,
      1782720045.651387,
      1782720076.614658,
      1782720459.4911363,
      1782722001.7290018,
      1782722783.6020317,
      1782722814.48614,
      1782722845.4741824,
      1782723060.0141685,
      1782723188.9009154,
      1782723219.878496,
      1782723311.4154384,
      1782723372.8136704,
      1782727082.8801925,
      1782727205.5310912,
      1782727236.2585354,
      1782729796.6632314,
      1782731325.969049
    ],
    "attention_engine.py": [
      1782718482.8671112,
      1782718639.1487927,
      1782718669.9212983,
      1782718704.2098389,
      1782718734.9222243,
      1782718765.6768289,
      1782718891.9650462,
      1782726135.5256023
    ],
    "interestingness_engine.py": [
      1782719207.573067,
      1782719241.8020923,
      1782719272.8975074,
      1782719303.788896,
      1782726655.5030203
    ],
    "brain.py": [
      1782723555.8261027,
      1782726350.3258145
    ],
    "integration_bridge.py": [
      1782727051.8478556
    ],
    "voice_gate.py": [
      1782733716.5679746,
      1782733813.6075592
    ],
    "shauryajohri/AURA: AURA is a context-aware AI assistant that understands user intent, routes tasks to suitable AI models, and provides real-time responses. Built with a modular backend, it aims to evolve into an OS-level assistant for productivity, development, and automation.": [
      1782734724.520436,
      1782734940.087339,
      1782735001.6355765,
      1782735032.4820173,
      1782735063.2777896
    ]
  },
  "error_signatures": {},
  "function_edits": {
    "_do_comeback": 3,
    "_oop": 1,
    "start_proactive": 2,
    "_speak": 1,
    "Mectde": 1,
    "deide": 1,
    "_decide": 1
  },
  "last_signature": "aura|*oe eo +) (tae orb active listening for you p micot una \u2018moming to you too, what's brewing, got a project onthe ome brain already seins code nates 6 memory & activity \u00b0 me-|ox 10:35 + last time (6 day",
  "last_file": "",
  "last_seen_errors": [],
  "session_start": 1782716101.8756123
}