{
  "file_visits": {
    "proactive.py": [
      1782716134.9000044,
      1782716660.8602538,
      1782719365.5811825,
      1782719767.5027916,
      1782719798.2529583,
      1782719829.1934347,
      1782719952.8581557,
      1782719983.7121584,
      1782720014.6835883,
      1782720045.651387,
      1782720076.614658,
      1782720459.4911363,
      1782722001.7290018,
      1782722783.6020317,
      1782722814.48614,
      1782722845.4741824,
      1782723060.0141685,
      1782723188.9009154,
      1782723219.878496,
      1782723311.4154384,
      1782723372.8136704,
      1782727082.8801925,
      1782727205.5310912,
      1782727236.2585354,
      1782729796.6632314,
      1782731325.969049,
      1783323413.7850327,
      1783323444.616515,
      1783327083.7385433,
      1783327906.428512,
      1783327937.3516774,
      1783327968.144604,
      1783327998.9595113,
      1783328029.600488,
      1783328060.5383525,
      1783328091.2904568,
      1783328152.7916973,
      1783339575.02655,
      1783339938.0131896,
      1783340188.5220296,
      1783340409.870694,
      1783341102.8583372,
      1783355056.2929103,
      1783359517.689283,
      1783400453.9994211
    ],
    "attention_engine.py": [
      1782718482.8671112,
      1782718639.1487927,
      1782718669.9212983,
      1782718704.2098389,
      1782718734.9222243,
      1782718765.6768289,
      1782718891.9650462,
      1782726135.5256023
    ],
    "interestingness_engine.py": [
      1782719207.573067,
      1782719241.8020923,
      1782719272.8975074,
      1782719303.788896,
      1782726655.5030203
    ],
    "brain.py": [
      1782723555.8261027,
      1782726350.3258145
    ],
    "integration_bridge.py": [
      1782727051.8478556
    ],
    "voice_gate.py": [
      1782733716.5679746,
      1782733813.6075592
    ],
    "shauryajohri/AURA: AURA is a context-aware AI assistant that understands user intent, routes tasks to suitable AI models, and provides real-time responses. Built with a modular backend, it aims to evolve into an OS-level assistant for productivity, development, and automation.": [
      1782734724.520436,
      1782734940.087339,
      1782735001.6355765,
      1782735032.4820173,
      1782735063.2777896,
      1783324022.2192461,
      1783324053.1809812,
      1783327114.6548612,
      1783327175.8548186
    ],
    "cosmos_panel.py": [
      1783316593.1679451,
      1783317306.7022226,
      1783317337.5037742,
      1783317368.4325361,
      1783318097.5581253,
      1783318193.9642782,
      1783318224.5257342,
      1783318285.5370023
    ],
    "models.py": [
      1783317215.083341,
      1783318893.6000364,
      1784282983.1356356,
      1784283211.6880076,
      1784283333.524456
    ],
    "index.html": [
      1783319107.580309,
      1783418757.4817822,
      1783418970.7295265
    ],
    "\u25cf index.html": [
      1783319138.4222538,
      1783418575.0360322
    ],
    "base.html": [
      1783320473.4131129,
      1783320504.4921107,
      1784269151.6020467,
      1784269487.8133125
    ],
    "seed.py": [
      1783321911.3081412,
      1783322064.0048475,
      1783322368.4880466,
      1783322399.2900288,
      1783926959.1407666,
      1783927095.4059887
    ],
    "execution_plan_panel.py": [
      1783323260.248277,
      1783323321.4461143,
      1783323352.1648514
    ],
    "C:\\Users\\shaur\\Downloads\\os_manual\\sum of even or odd child.txt": [
      1783326767.77511,
      1783326798.2674222,
      1783326828.791906,
      1783326992.962589
    ],
    "Screenshot 2026-07-06 153637.png": [
      1783341474.3884
    ],
    "screen_reader.py": [
      1783400521.383286
    ],
    "main.py": [
      1783416526.4778721,
      1783419275.0630722,
      1783419459.5975723,
      1783419490.546814,
      1783419521.2252235,
      1783419956.912917
    ],
    "\u25cf style.css": [
      1783416679.8766005
    ],
    "main.js": [
      1783417376.9308858,
      1783921375.9536436,
      1783921437.6201994,
      1783921530.1030378,
      1783921861.628556
    ],
    "\u25cf app.py": [
      1783417559.4030323
    ],
    "style.css": [
      1783418422.581895,
      1783919377.1642456,
      1783919438.2650394,
      1783919499.7593787,
      1783919865.6126974,
      1783919963.8681357,
      1783919994.5907965,
      1783920208.6097224,
      1783920306.8174272,
      1783920337.875285,
      1783926453.9035327,
      1783926515.1467743,
      1783926545.8253875,
      1783926606.9409692,
      1783926643.6569257,
      1783926766.1348557,
      1783926805.6397865,
      1784282882.5812345,
      1784282920.9668555,
      1784284035.4501636,
      1784284582.8954546,
      1784284674.4409528,
      1784285405.6378143,
      1784285436.2328074,
      1784285497.3707995,
      1784286340.628129,
      1784286493.2748194,
      1784287347.6384537,
      1784287771.9978049,
      1784287893.9379456,
      1784287924.5386972,
      1784287955.094442,
      1784288199.054387,
      1784288656.9269588,
      1784289782.470407,
      1784289904.715384,
      1784290451.944539,
      1784290513.1144922,
      1784290543.5579734,
      1784290574.2455754,
      1784290604.8510964,
      1784290635.3509219,
      1784290971.158948
    ],
    "_product_card.html": [
      1783418453.3344553
    ],
    "app.py": [
      1783418909.5540414
    ],
    "cart.html": [
      1783420261.8357148,
      1783421123.796874,
      1783421155.7031574
    ],
    "Laguna M.1 (free)": [
      1783420446.656998,
      1783420477.3495653,
      1783420508.1853287,
      1783420538.9446063,
      1783420569.9379685
    ],
    "ChatGPT Image Jul 10, 2026, 11_50_04 AM.png": [
      1783917871.3866775
    ],
    "\u25cf main.js": [
      1783921100.3672113,
      1783921192.3681986
    ],
    "generate_icons.py": [
      1783926836.4397714,
      1783926867.3523817,
      1783926897.9057536
    ],
    "Screenshot 2026-07-17 151556.png": [
      1784284521.7652678
    ],
    "Screenshot 2026-07-17 161326.png": [
      1784288443.124038
    ]
  },
  "error_signatures": {},
  "function_edits": {
    "_do_comeback": 3,
    "_oop": 1,
    "start_proactive": 2,
    "_speak": 1,
    "Mectde": 1,
    "deide": 1,
    "_decide": 1,
    "restzetvent": 1,
    "paintevent": 1,
    "_tick": 3,
    "get_afkstatus": 1,
    "get_afk_status": 2,
    "is_affirmative": 3,
    "generate_message": 1,
    "clear_pending_offer": 1,
    "_dechde": 1,
    "seed": 1
  },
  "last_signature": "design|",
  "last_file": "",
  "last_seen_errors": [],
  "session_start": 1782716101.8756123
}